{
    "hr": 2962.5,
    "support": 1404.2857142857142,
    "sales": 5119.0,
    "finance": 5087.5,
    "developers": 6474.142857142857,
    "managment": 5954.0
}